,1960,1961,1962,1963,1964,1965,1966,1967,1968,1969,1970,1971,1972,1973,1974,1975,1976,1977,1978,1979,1980,1981,1982,1983,1984,1985,1986,1987,1988,1989,1990,1991,1992,1993,1994,1995,1996,1997,1998,1999,2000,2001,2002,2003,2004,2005,2006,2007,2008,2009,2010,2011,2012,2013,2014,2015,2016,2017,2018,2019,2020,2021
Aruba,,,,,,,,,,,,,,,,,,,,,,,,,,,,,,,0,,,,,15.1453958,,,,2.317443396,,4.479985664,8.793914611,6.478082488,4.252785575,10.50994241,8.344633358,6.231823847,8.289640022,6.206040546,8.253378727,4.111165927,6.138735421,10.18018935,4.05120726,,,,,,,
Africa Eastern and Southern,,,,,,,,,,,,,,,,,,,,,,,,,,,,,,,,,,,,,,,,,,,,,,,,,,,,,,,,,,,,,,
Afghanistan,,,,,,,,,,,,,,,,,,,,,,,,,,,,,,,,,,,,,,,,,,,,,,,,,,,,,,,,18.51164351,12.19002986,12.28287499,12.15626027,,,
Africa Western and Central,,,,,,,,,,,,,,,,,,,,,,,,,,,,,,,,,,,,,,,,,,,,,,,,,,,,,,,,,,,,,,
Angola,,,,,,,,,,,,,,,,,,,,,,,,,,,,,,,,,,,,,,,,,,,,,,,,,,,,,,,,,,,,,,
Albania,,,,,,,,,,,,,,,,,,,,,,,,,,,,,,,,,7.089788504,10.97762321,6.423907213,15.1939412,15.96637116,75.25878746,36.8443964,29.69340133,7.451818938,11.41107745,11.1817534,9.207278703,7.161281,8.569725672,4.679210851,5.315333819,4.90417312,5.21544467,7.272394261,8.104027845,8.886109248,6.788281981,7.064761445,3.262075115,4.216115353,3.062082706,3.473224842,3.545168515,3.550181128,
Andorra,,,,,,,,,,,,,,,,,,,,,,,,,,,,,,,,,,,,,,,,,,,,,,,,0,0,0,0,2.34315874,0,0,0,0,,,,,,
Arab World,,,,,,,,,,,,,,,,,,,,,,,,,,,,,,,,,,,,,,,,,,,,,,,,,,,,,,,,,,,,,,
United Arab Emirates,,,,,,,,,,,,,,,,,,,,,,,,,,,,,,,,,,,,,,,,,,,,,,,,,,,0.766945469,0.543335377,0.775068456,0.581933977,0.680256359,0.76955899,,,,0.635454896,,
Argentina,,,,,,,,,,,,,,,,,,,,,,,,,,,,,,,,,,,,,,,,,,,,,,,,,,,,,,,,11.67269756,,8.912314358,9.18560483,8.653285513,9.26112966,
Armenia,,,,,,,,,,,,,,,,,,,,,,,,,,,,,,,9.05066972,9.230387494,,13.30771068,8.477211534,6.358369347,6.084636627,5.310855185,5.302956176,4.874151381,4.521259145,4.862200697,3.468352098,4.592955836,4.323306805,3.352664655,3.812357216,4.649483435,5.183545361,5.32515626,3.416642465,3.862185343,3.404242723,3.237057838,3.801447474,3.926321844,4.996328785,4.258814664,2.808584186,4.528240046,2.582965201,
American Samoa,,,,,,,,,,,,,,,,,,,,,,,,,,,,,,,,,,,,,,,,,,,,,,,,,,,,,,,,,,,,,,
Antigua and Barbuda,,,,,,,,,,,,,,,,,,,,,,,,,,,,,,,0,3.260834121,3.213574137,12.63862997,12.41966032,15.24994663,5.994125757,2.945247843,,,,17.14677641,10.17528626,,,,,,27.006457,,,,,,,8.883361464,15.37853157,39.14234767,19.38861242,4.268852319,16.92441135,
Australia,,,,,,,,,,,,,,,,,,,,,,,,,,,,,,,2.791220382,2.300144851,2.123341932,2.448515492,2.316006013,2.415677782,2.663878006,2.646446946,2.457258543,2.790817002,2.385107921,2.411581048,2.529357198,2.100338307,1.718607581,1.634901001,1.835681341,1.623587502,1.500351879,1.717693979,1.23972892,1.40242072,1.398546264,1.301160264,1.266428618,1.269666585,1.216345298,1.176120635,1.088764642,1.242898053,1.181230251,
Austria,,,,,,,,,,,,,,,,,,,,,,,,,,,,,,,1.32969891,1.508478491,1.443183632,1.192926975,0.928967051,1.035358819,1.250625716,0.738081007,1.107587211,0.723108052,0.725835911,0.716677369,0.691371174,0.669514607,0.678219278,0.74328158,0.790927341,0.513517756,0.714254224,0.560650025,0.683153103,0.97021983,0.988024897,0.765623321,0.522236597,0.682568794,0.536368589,0.762090919,0.960671042,0.839120239,0.630674522,
Azerbaijan,,,,,,,,,,,,,,,,,,,,,,,,,,,,,,,,,,,,,,,,,,,,,,,,,,,3.217812379,2.998382417,3.131367386,3.238531577,3.152581785,2.902780049,2.021064024,2.160007662,2.659546604,2.153181305,2.981441612,
Burundi,,,,,,,,,,,,,,,,,,,,,,,,,,,,,,,,,,,,,,,,,,,,,,,,,,,,,,8.960974005,9.481641531,7.613201649,9.855142874,,,,,
Belgium,,,,,,,,,,,,,,,,,,,,,,,,,,,,,,,,,,,,,,,,,2.555613115,3.54513918,3.67973221,2.658076503,2.753645324,2.489328007,2.556027457,2.354588661,2.487308864,2.115871327,2.225229512,2.249307163,2.346634139,1.939598174,2.339606554,,,,,,,
Benin,,,,,,,,,,,,,,,,,,,,,,,,,,,,,,,,,,,,,,,,,,,,,,,,,,,,,,,,,,,,,,
Burkina Faso,,,,,,,,,,,,,,,,,,,,,,,,,,,,,,,,,,,,,,,,,,,,,,,,,,,,,,,,,,,,,,
Bangladesh,,,,,,,,,,,,,,,,,,,,,,,,,,,,,,,,,,,,,,,,,,,,,,,,,,,,,,,,,,,,,,
Bulgaria,,,,,,,,,,,,,,,,,,,,,,,,,,,,,,,3.99630303,6.536290682,8.474094892,9.468896291,9.464278994,10.13668844,8.754723359,7.568588499,7.081580155,6.077049217,6.02124063,6.372176106,5.178599902,5.136599683,4.957573936,3.929796196,3.554422927,3.769114358,3.712760129,3.16018627,3.346579519,2.727681373,2.912868268,2.113890203,2.439607654,2.770135314,1.6392462,1.969905065,1.576141192,1.764677855,1.274405986,
Bahrain,,,,,,,,,,,,,,,,,,,,,,,,,,,,,,,,,,,,,,,,,,,,,,,,,,,0.129190454,1.130600713,0.744389167,0.616242425,0.972597077,0.944782204,1.014727072,0.42559983,0.60061503,0.189609944,,
"Bahamas, The",,,,,,,,,,,,,,,,,,,,,,,,,,,,,,,,,,21.5892679,34.00413909,24.07903703,31.10755983,27.72882117,,,39.64563841,25.70861755,26.59259554,28.91940032,27.11024186,27.88816844,34.84775885,42.76402202,39.60372275,45.44113308,46.50973507,63.69390203,57.30366403,,62.84411323,71.58274966,56.68285398,62.57282182,46.97793105,47.03271152,32.44493519,
Bosnia and Herzegovina,,,,,,,,,,,,,,,,,,,,,,,,,,,,,,,2.578613792,,,,,,,,,,4.289722422,2.873781354,3.520280063,,,,,,,3.052103772,2.528115669,1.947301569,2.204327604,1.841153344,2.283686573,2.319574293,1.807530534,1.948520099,1.903738389,1.979219433,2.365230121,
Belarus,,,,,,,,,,,,,,,,,,,,,,,,,,,,,,,,,,,,,,,,,,,,,,,,9.679482579,8.387267174,6.586984665,6.050599911,5.849181149,4.887999709,5.248268186,5.105190862,4.780973365,4.572391536,3.319413773,3.22755147,3.136425652,,
Belize,,,,,,,,,,,,,,,,,,,,,,,,,,,,,,,,,,,,,,,,,,,,,46.73367557,,,,,55.85599309,69.96615591,67.83151137,77.552881,51.53475121,62.90840876,61.06531213,66.93804693,69.94276439,64.99019906,60.22204951,46.01513949,
Bermuda,,,,,,,,,,,,,,,,,,,,,,,,,,,,,,,3.44904051,10.28265453,0,,,,10.00936898,,,,,,,,0,6.453248526,,,,16.34060917,23.0009736,19.83139978,19.95758448,16.73942093,10.1062825,13.55741098,27.23570751,17.11227613,,,,
Bolivia,,,,,,,,,,,,,,,,,,,,,,,,,,,,,,,,,,,,,,,,,,,,,,,,,14.11744091,,,,,,,7.87049341,7.396293591,8.697218864,5.946157283,8.685705664,,
Brazil,,,,,,,,,,,,,,,,,,,,,,,,,,,,,,,36.35455581,34.02948484,31.01482018,32.8717531,34.42263388,38.48884161,43.06343303,44.47381523,45.62591698,46.06254693,48.04714127,50.20936526,51.52800795,52.3678019,48.94345225,47.47500742,48.48835718,46.758,48.56829645,49.2617948,49.49124354,48.92941315,52.52578511,52.47495919,54.86514187,53.11774235,55.65785425,57.46727974,49.84065486,38.81883093,41.92049769,
Barbados,,,,,,,,,,,,,,,,,,,,,,,,,,,,,,,18.32099985,9.517841988,14.22205366,12.59574736,10.98168412,9.378223764,,,,,11.4984822,15.68809342,13.32612453,16.7000668,15.97942044,14.958691,25.13968031,14.2087945,14.14795785,11.86468329,16.98846262,18.39899321,14.66920933,12.42971726,16.03860931,20.35653008,14.50305289,20.25712074,17.32539253,30.97692579,27.32161859,
Brunei Darussalam,,,,,,,,,,,,,,,,,,,,,,,,,,,,,,,,,,,,,3.790367413,3.729140122,2.449149533,1.205698129,1.185185185,,,,,,,,,,,,,,,,,,,,,
Bhutan,,,,,,,,,,,,,,,,,,,,,,,,,,,,,,,,,,,,,,,,,,,,,,,,,,,,,,,,2.604044602,1.284653529,2.281374604,1.750831645,1.481364435,3.413909731,
Botswana,,,,,,,,,,,,,,,,,,,,,,,,,,,,,,,,,,,,,,,,,,,,,,,,,,,,,,,,,,,,,,
Central African Republic,,,,,,,,,,,,,,,,,,,,,,,,,,,,,,,,,,,,,,,,,,,,,,,,,,,,,,,,,29.79319079,,,,,
Canada,,,,,,,,,,,,,,,,,,,,,,,,,,,,,,,3.082760676,3.454937462,3.538129631,3.013195036,2.738543515,2.743670561,2.926700532,2.631507745,2.512186049,2.479802106,2.620061168,2.56029278,2.427288942,2.515655473,2.695028256,3.035349784,2.764444704,2.638957491,2.823937191,2.675909225,2.371190386,2.491980433,2.257200426,2.045126341,2.097808423,2.418252703,2.549593049,2.700599665,2.680495632,2.83889849,3.032215474,
Central Europe and the Baltics,,,,,,,,,,,,,,,,,,,,,,,,,,,,,,,,,,,,,,,,,,,,,,,,,,,,,,,,,,,,,,
Switzerland,,,,,,,,,,,,,,,,,,,,,,,,,,,,,,,1.81334172,1.670398398,1.52678405,1.833007786,1.1553505,1.23534787,1.505203595,1.385955821,1.338668082,1.478632886,0.86706019,1.405067286,1.039734815,0.944931167,1.10485983,1.037057522,0.610942702,0.674384583,0.771463608,0.632641952,0.676203564,0.590042847,0.708451651,0.624026986,0.418925889,0.657544015,0.48191575,0.596668395,0.520538559,0.469410732,0.46580437,
Channel Islands,,,,,,,,,,,,,,,,,,,,,,,,,,,,,,,,,,,,,,,,,,,,,,,,,,,,,,,,,,,,,,
Chile,,,,,,,,,,,,,,,,,,,,,,,,,,,,,,,,,,,,,,,,,,,,,,6.191231182,6.200572491,6.208194571,5.898561286,6.385576805,5.299511099,6.143105107,4.636296008,5.180970849,4.290704252,6.031390416,5.911709401,7.39783838,7.921186041,7.022220833,8.646601106,
China,,,,,,,,,,,,,,,,,,,,,,,,,,,,,,,,,,,,,,,,,,,,,,,,,,,,,,,,,,,,,,
Cote d'Ivoire,,,,,,,,,,,,,,,,,,,,,,,,,,,,,,,,,,,,,,,,,,,,,,,,,,,,,,,,,,,,,,
Cameroon,,,,,,,,,,,,,,,,,,,,,,,,,,,,,,,,,,,,,,,,,,,,,,,,,,,,,,,1.06789236,1.305743208,1.413372832,,,,,
"Congo, Dem. Rep.",,,,,,,,,,,,,,,,,,,,,,,,,,,,,,,,,,,,,,,,,,,,,,,,,,,,,,,,,,,,,,
"Congo, Rep.",,,,,,,,,,,,,,,,,,,,,,,,,,,,,,,,,,,,,,,,,,,,,,,,,,,,,,,,,,,,,,
Colombia,,,,,,,,,,,,,,,,,,,,,,,,,,,,,,,137.8741835,158.7822842,153.7676442,152.4965871,142.6472714,115.4790072,118.6610909,115.9024286,113.5097486,117.9594024,126.7027594,129.8776794,130.5120528,105.8643071,90.107417,79.51259197,76.30916074,73.7746907,68.60317155,66.38290033,64.22933062,66.05398862,66.6799114,62.31021267,52.89611096,50.29889714,48.11553011,46.51922601,47.29434183,44.65226327,42.44620799,
Comoros,,,,,,,,,,,,,,,,,,,,,,,,,,,,,,,,,,,,,,,,,,,,,,,,,,,,,,,,,,,,,,
Cabo Verde,,,,,,,,,,,,,,,,,,,,,,,,,,,,,,,,,,,,,,,,,,,,,,,,,,,,18.30725844,18.09229006,18.31937293,19.24416613,14.82495153,,11.86829163,9.52848651,10.14360446,9.673362783,
Costa Rica,,,,,,,,,,,,,,,,,,,,,,,,,,,,,,,7.076181586,6.650754465,8.177967435,8.291986693,9.038792707,8.821454522,9.34315505,10.19721455,10.3005954,10.91005172,10.49484369,11.29201627,10.89405295,12.5566037,11.38571649,12.74267706,14.04807748,15.03962397,20.21096311,20.57532312,20.32471568,17.67076097,15.20938466,15.79739566,17.75062127,21.2324729,20.89251008,22.01811141,20.76640436,20.41593807,19.96011121,
Caribbean small states,,,,,,,,,,,,,,,,,,,,,,,,,,,,,,,,,,,,,,,,,,,,,,,,,,,,,,,,,,,,,,
Cuba,,,,,,,,,,,,,,,,,,,,,,,,,,,,,,,,,9.244121055,11.45876142,12.71895966,11.8037118,10.34831023,10.6368524,11.45152114,8.138747928,7.78785592,8.014641996,8.527218577,8.736289475,9.165188617,9.192592837,7.894576925,7.655239423,7.060990512,7.375221369,6.787713629,7.194746761,8.63046956,9.396641138,7.900790275,8.52916352,8.00791203,,,,,
Curacao,,,,,,,,,,,,,,,,,,,,,,,,,,,,,,,,,,,,,,,,,,13.06826535,54.44017355,67.95730292,56.25320561,32.78742274,24.17678062,36.20792796,,,,,,,,,,,,,,
Cayman Islands,,,,,,,,,,,,,,,,,,,,,,,,,,,,,,,,,,,,,,,,,,,,,,,0,,,,,,,,,,,,,,,
Cyprus,,,,,,,,,,,,,,,,,,,,,,,,,,,,,,,,,,,,,,,,,,,,,2.343713379,3.45838601,2.081661696,1.866089423,1.289450271,2.184133363,1.259940027,0.534418321,2.999606522,1.573963152,1.040451001,2.064001238,1.365117827,1.185333697,1.5126686,0.834310868,1.822658629,
Czech Republic,,,,,,,,,,,,,,,,,,,,,,,,,,,,,,,,,,,2.467428749,2.343700122,2.338415006,2.458169969,2.496364229,2.20405799,2.836868664,1.761109851,1.624018146,2.107773469,1.68790213,1.260867982,1.513118639,1.4031554,1.371890243,1.089155762,0.966834483,0.809272568,1.09645727,0.749825089,0.691861841,0.748707041,0.555657852,0.688071422,,1.102529964,0.720717713,
Germany,,,,,,,,,,,,,,,,,,,,,,,,,,,,,,,1.439223782,1.749652758,1.77884927,2.031577495,3.240378807,3.403440825,3.177368622,2.906029551,2.52176577,2.045282917,2.066068428,1.735695364,1.755385342,1.531568207,1.640343954,1.494728161,1.370662412,1.252364656,1.169175278,1.052237299,1.009621338,1.008655169,0.913493201,0.88807946,0.94190434,0.882545039,1.220829768,1.06289686,1.026496783,0.841230169,1.026175665,
Djibouti,,,,,,,,,,,,,,,,,,,,,,,,,,,,,,,,,,,,,,,,,,,,,,,,,,,,,,,,,,,,,,
Dominica,,,,,,,,,,,,,,,,,,,,,,,,,,,,,,,,,,,,,,,,,,0,,,,,,,,,,,,,,,,,,,,
Denmark,,,,,,,,,,,,,,,,,,,,,,,,,,,,,,,0.630961352,0.98295787,1.175372652,1.756018754,1.942780453,1.547351669,1.618803026,1.763046544,1.062973855,0.890793996,0.983769692,1.240586015,1.240803018,1.387321903,0.971847085,1.303379439,0.667339691,0.811551177,1.350810667,1.203958177,0.725614895,1.118491552,1.112351443,1.249196945,1.527055337,1.365343665,1.161807787,1.789002266,1.328535223,1.359040336,1.319737261,
Dominican Republic,,,,,,,,,,,,,,,,,,,,,,,,,,,,,,,,,,,,,,,,,,,,,,47.63337355,42.35392513,41.23793698,46.42736176,45.63843802,46.5241565,46.31768324,41.51427693,,31.87649439,,27.79197915,19.49345914,17.2415578,16.4175828,15.37409246,
Algeria,,,,,,,,,,,,,,,,,,,,,,,,,,,,,,,,,,,,,,,,,,,,,,,,,,,,,1.033300739,0.882836393,2.500739222,2.337532635,,,,2.20233267,2.247920538,
East Asia & Pacific (excluding high income),,,,,,,,,,,,,,,,,,,,,,,,,,,,,,,,,,,,,,,,,,,,,,,,,,,,,,,,,,,,,,
Early-demographic dividend,,,,,,,,,,,,,,,,,,,,,,,,,,,,,,,,,,,,,,,,,,,,,,,,,,,,,,,,,,,,,,
East Asia & Pacific,,,,,,,,,,,,,,,,,,,,,,,,,,,,,,,,,,,,,,,,,,,,,,,,,,,,,,,,,,,,,,
Europe & Central Asia (excluding high income),,,,,,,,,,,,,,,,,,,,,,,,,,,,,,,,,,,,,,,,,,,,,,,,,,,,,,,,,,,,,,
Europe & Central Asia,,,,,,,,,,,,,,,,,,,,,,,,,,,,,,,,,,,,,,,,,,,,,,,,,,,,,,,,,,,,,,
Ecuador,,,,,,,,,,,,,,,,,,,,,,,,,,,,,,,15.72194685,19.79869083,15.90970801,15.33058083,18.58046173,,,,,,26.52464612,23.29471643,26.08953762,26.15967963,31.84909425,28.20059109,30.67709921,28.513749,32.86136867,31.72649535,31.74053133,27.42432184,21.82071195,18.71568685,14.07448785,10.81952478,9.462957187,9.21534109,10.01497801,11.9325879,13.67887199,
"Egypt, Arab Rep.",,,,,,,,,,,,,,,,,,,,,,,,,,,,,,,,,,,,,,,,,,,,,0.72193021,1.204799512,1.044006982,1.309165248,2.130252526,1.754664045,3.927645216,5.554208241,4.454339823,,,,,,,,,
Euro area,,,,,,,,,,,,,,,,,,,,,,,,,,,,,,,,,,,,,,,,,,,,,,,,,,,,,,,,,,,,,,
Eritrea,,,,,,,,,,,,,,,,,,,,,,,,,,,,,,,,,,,,,,,,,,,,,,,,,,,,,,,,,,,,,,
Spain,,,,,,,,,,,,,,,,,,,,,,,,,,,,,,,,,,,,,,,,,,2.189241164,2.084669295,1.982952506,1.557424236,1.790549521,1.433086259,1.402784799,1.229154873,1.196974517,1.054972484,1.106819602,1.031286752,0.781761327,0.849845701,0.789832853,0.790813422,0.847309056,0.750182181,0.9015425,0.778994547,
Estonia,,,,,,,,,,,,,,,,,,,,,,,,,,,,,,,,,,,35.56982245,32.22844426,25.37080586,21.2544702,23.75955949,17.76865159,17.9923235,16.51459754,17.0420379,16.78137959,11.8490413,13.41622277,10.55591999,12.29214983,10.76669444,7.782758743,8.639192657,8.24383652,7.457339157,5.525400592,5.205977764,5.572874036,3.888869084,3.386157389,3.688013315,3.191696482,5.091844139,
Ethiopia,,,,,,,,,,,,,,,,,,,,,,,,,,,,,,,,,,,,,,,,,,,,,,,,,,,,,,,,,,,,,,
European Union,,,,,,,,,,,,,,,,,,,,,,,,,,,,,,,,,,,,,,,,,,,,,,,,,,,,,,,,,,,,,,
Fragile and conflict affected situations,,,,,,,,,,,,,,,,,,,,,,,,,,,,,,,,,,,,,,,,,,,,,,,,,,,,,,,,,,,,,,
Finland,,,,,,,,,,,,,,,,,,,,,,,,,,,,,,,4.701734734,4.759359013,4.119650456,3.651562592,4.022852116,3.904851082,4.279200449,4.092794369,3.230394294,4.412696852,4.036038666,4.267329336,3.467195491,2.84964688,4.4844116,3.263395656,3.172819615,3.120519069,3.41293002,3.282040635,3.455699265,2.758081841,1.804173504,2.430834348,2.270597107,2.446605613,1.920914473,1.362842935,2.278165474,2.126715581,,
Fiji,,,,,,,,,,,,,,,,,,,,,,,,,,,,,,,,,,,,,,,,,,,,,,3.341224989,2.367116024,0.70273575,1.621533971,4.817430841,3.189480183,2.496980923,2.948126579,2.495694926,1.815265017,,,,,,,
France,,,,,,,,,,,,,,,,,,,,,,,,,,,,,,,,,,,,,,,,,,,,,,,,,,,,,,,,2.017604592,1.695302768,1.627169023,1.652595767,1.744675109,1.953199504,
Faroe Islands,,,,,,,,,,,,,,,,,,,,,,,,,,,,,,,,,,,,,,,,,,,,,,,,,,,,,,,,,,,,,,
"Micronesia, Fed. Sts.",,,,,,,,,,,,,,,,,,,,,,,,,,,,,,,,,,,,,,,,,,,,,,,,,,,,,,,,,,,,0,,
Gabon,,,,,,,,,,,,,,,,,,,,,,,,,,,,,,,,,,,,,,,,,,,,,,,,,,,,,,,,,,,,,,
United Kingdom,,,,,,,,,,,,,,,,,,,,,,,,,,,,,,,,,,,,,,,,,,,,,,1.804380216,1.794631522,1.775772285,1.536087464,1.558797617,1.517977714,1.419261935,1.229257362,1.180490033,1.18423411,1.400707649,1.792299578,1.697845364,1.487435021,,,
Georgia,,,,,,,,,,,,,,,,,,,,,,,,,,,,,,,,,,,,,,,,,,,,,13.10982309,16.49416724,13.91941062,14.35024363,11.14492301,9.013235383,8.141279359,,,,3.867955916,,0.260766936,3.605916211,3.665389715,,,
Ghana,,,,,,,,,,,,,,,,,,,,,,,,,,,,,,,,,,,,,,,,,,,,,,,,,,,,,,,,,,,,,,
Gibraltar,,,,,,,,,,,,,,,,,,,,,,,,,,,,,,,,,,,,,,,,,,,,,,,,,,,,,,,,,,,,,,
Guinea,,,,,,,,,,,,,,,,,,,,,,,,,,,,,,,,,,,,,,,,,,,,,,,,,,,,,,,,,,,,,,
"Gambia, The",,,,,,,,,,,,,,,,,,,,,,,,,,,,,,,,,,,,,,,,,,,,,,,,,,,,,,,,,,,,,,
Guinea-Bissau,,,,,,,,,,,,,,,,,,,,,,,,,,,,,,,,,,,,,,,,,,,,,,,,,,,,,,,,,,,,,,
Equatorial Guinea,,,,,,,,,,,,,,,,,,,,,,,,,,,,,,,,,,,,,,,,,,,,,,,,,,,,,,,,,,,,,,
Greece,,,,,,,,,,,,,,,,,,,,,,,,,,,,,,,1.399469213,1.877340246,2.065568365,2.113557967,1.944738368,2.014187246,2.136653913,3.026448145,2.442423283,2.087634959,,1.742934143,1.269752532,1.599009117,1.460531255,1.577099993,1.5917121,1.731279853,2.041083893,2.356205159,2.654923677,2.859247521,2.400245694,1.953954586,1.522969135,1.203931467,1.113036109,1.214277826,1.355350158,1.147743808,1.153283947,
Grenada,,,,,,,,,,,,,,,,,,,,,,,,,,,,,,,,,,,,,,,,,,,,,,15.24012726,17.06743533,16.99813021,26.3311328,7.489935399,14.90673971,5.559158714,16.57824934,7.322788518,9.097359946,7.234712149,14.3890068,17.8919683,19.58619707,26.58348988,19.41199308,
Greenland,,,,,,,,,,,,,,,,,,,,,,,,,,,,,,,,,,,,,,,,,,,,,,,,,,,,,,,,,,,,,,
Guatemala,,,,,,,,,,,,,,,,,,,,,,,,,,,,,,,,,,,,,,,,,,,,,63.9060425,75.04845842,80.37558925,77.21899745,81.52767592,82.19630578,73.26505837,68.74088322,61.04915816,59.9812583,55.78074591,54.63414634,,55.71480266,48.44014263,42.5175665,30.3383588,
Guam,,,,,,,,,,,,,,,,,,,,,,,,,,,,,,,,,,,,,,,,,,,,,,,,,,,,,,,,,,,,,,
Guyana,,,,,,,,,,,,,,,,,,,,,,,,,,,,,,,,,,,,,,,,,,,,,,30.49171909,34.81082992,23.34605291,32.27116383,23.68730603,29.30477775,25.71561742,29.83023401,33.05680216,,31.53365631,34.17369557,24.1845435,22.50645142,30.00475499,29.83195508,
High income,,,,,,,,,,,,,,,,,,,,,,,,,,,,,,,,,,,,,,,,,,,,,,,,,,,,,,,,,,,,,,
"Hong Kong SAR, China",,,,,,,,,,,,,,,,,,,,,,,,,,,,,,,,,,,,,,,,,,,,0.919701195,0.767886377,0.645728262,0.522670045,0.214994252,0.33724052,0.673007622,0.488321934,0.243559228,0.455399121,0.756518466,0.421983025,0.389995944,0.507155668,0.266801925,0.942291978,0.321779782,0.377943672,
Honduras,,,,,,,,,,,,,,,,,,,,,,,,,,,,,,,,,,,,,,,,,,,,,,,76.4618951,83.8629873,104.1375051,120.9500057,141.0384966,156.4880288,152.2836047,135.3033385,120.6919133,102.640363,101.0952635,73.58104841,70.07680677,75.90890439,66.11596967,
Heavily indebted poor countries (HIPC),,,,,,,,,,,,,,,,,,,,,,,,,,,,,,,,,,,,,,,,,,,,,,,,,,,,,,,,,,,,,,
Croatia,,,,,,,,,,,,,,,,,,,,,,,,,,,,,,,4.045393243,13.55564612,12.73927137,7.142813309,4.977142672,5.410308133,3.775685433,3.958016685,3.254026684,3.83755432,3.228630671,2.501690714,1.957233516,2.222883893,2.179437857,1.944680942,1.995111028,1.808321706,2.241505529,1.195463551,1.43912087,1.348284525,1.596126732,1.215196765,0.928430244,1.08086597,1.18569108,1.391195817,0.799519888,0.954766673,1.060985443,
Haiti,,,,,,,,,,,,,,,,,,,,,,,,,,,,,,,,,,,,,,,,,,,,,,,,,,,,,,18.87723873,17.16917553,18.59999962,17.73625902,,12.47940215,,,
Hungary,,,,,,,,,,,,,,,,,,,,,,,,,,,,,,,2.642802669,3.840617795,3.843440486,3.639677471,4.329260147,4.007991802,3.195864987,3.606223616,3.583819758,3.028896259,2.418459652,3.486977488,2.398658966,2.84525334,2.520179662,1.828901729,2.08714004,1.913650617,2.341789444,1.608478885,1.634656067,2.19313001,1.409360503,1.777268437,1.696016701,2.56094842,2.58822895,2.507123689,0.931215043,0.716106982,0.891636192,
IBRD only,,,,,,,,,,,,,,,,,,,,,,,,,,,,,,,,,,,,,,,,,,,,,,,,,,,,,,,,,,,,,,
IDA & IBRD total,,,,,,,,,,,,,,,,,,,,,,,,,,,,,,,,,,,,,,,,,,,,,,,,,,,,,,,,,,,,,,
IDA total,,,,,,,,,,,,,,,,,,,,,,,,,,,,,,,,,,,,,,,,,,,,,,,,,,,,,,,,,,,,,,
IDA blend,,,,,,,,,,,,,,,,,,,,,,,,,,,,,,,,,,,,,,,,,,,,,,,,,,,,,,,,,,,,,,
Indonesia,,,,,,,,,,,,,,,,,,,,,,,,,,,,,,,,,,,,,,,,,,,,,,,,,,,,,,,,,,,,,,
IDA only,,,,,,,,,,,,,,,,,,,,,,,,,,,,,,,,,,,,,,,,,,,,,,,,,,,,,,,,,,,,,,
Isle of Man,,,,,,,,,,,,,,,,,,,,,,,,,,,,,,,,,,,,,,,,,,,,,,,,,,,,,,,,,,,,,,
India,,,,,,,,,,,,,,,,,,,,,,,,,,,,,,,,,,,,,,,,6.136467006,6.001457586,5.625348811,5.489828243,5.164167006,5.211610124,4.995710484,4.846592087,4.640453239,4.643032776,4.414571504,4.451976745,4.444553137,4.408581836,4.198204987,4.3149679,4.00514761,3.551994542,3.404210328,3.378331511,3.272720179,3.384121904,
Not classified,,,,,,,,,,,,,,,,,,,,,,,,,,,,,,,,,,,,,,,,,,,,,,,,,,,,,,,,,,,,,,
Ireland,,,,,,,,,,,,,,,,,,,,,,,,,,,,,,,0.840440695,0.876638814,1.119759637,0.964809975,1.128696198,2.053554969,1.345532627,1.467357097,1.720795886,1.717608835,1.553362233,2.312070998,2.112110137,1.449868745,1.234347243,2.118181007,2.16758304,3.100485955,1.866403399,1.935091853,2.110666464,1.777319039,1.72084944,1.887566448,,0.998895135,1.376625924,1.019347643,1.213976808,1.073307745,1.142228218,
"Iran, Islamic Rep.",,,,,,,,,,,,,,,,,,,,,,,,,,,,,,,,,,,,,,,,,,,,,,,,,,,,,,4.515667838,4.368516455,,,,,,,
Iraq,,,,,,,,,,,,,,,,,,,,,,,,,,,,,,,,,,,,,,,,,,,,,,,,,27.67845923,10.94728527,14.70399522,13.81051281,13.57600479,16.70131007,,,,,,,,
Iceland,,,,,,,,,,,,,,,,,,,,,,,,,,,,,,,,,,,,,0.738437908,,,0.719026151,,,,,,2.028315281,,1.303891464,,0.628219626,1.239295584,1.227716938,0,0.608102356,0,1.810664816,0,0.596086099,1.183501982,0.587440522,0.583413553,
Israel,,,,,,,,,,,,,,,,,,,,,,,,,,,,,,,,,,4.350741922,4.378391696,,,,,4.021329886,3.925147773,5.189947039,5.62381049,4.361607643,4.057982225,3.757023072,3.519597941,3.196688704,2.626397547,3.296354992,3.188488618,3.0539938,2.761410667,2.40282907,2.12528281,2.173729518,2.012782411,2.442394895,2.160467007,,,
Italy,,,,,,,,,,,,,,,,,,,,,,,,,,,,,,,5.72331496,6.152056846,4.540123952,3.150761296,2.927508051,2.926543944,2.662648234,2.466433533,2.528130956,2.325899959,2.097565865,1.953426466,1.664417426,1.867877671,,1.674694511,1.572197205,1.689297774,1.636923058,1.457494735,1.304811418,1.338303394,1.267525998,1.108147702,1.119861088,1.133127901,0.858900767,0.827629249,0.739509281,0.699228659,0.574093277,
Jamaica,,,,,,,,,,,,,,,,,,,,,,,,,,,,,,,,,,,,,,,,,,,,,,109.6098684,87.03271199,104.3785072,105.2800021,109.9078271,93.16556852,72.14160244,68.97371359,75.41414465,63.32187242,76.07712118,84.42313512,102.4922786,79.59090276,82.80272183,82.87738298,
Jordan,,,,,,,,,,,,,,,,,,,,,,,,,,,,,,,,,,,,,,,,,,,,,,,,2.583174323,2.679060995,1.873193326,2.106110718,2.896988721,3.308193495,,,,2.017320654,2.01907134,,1.740587869,1.838954436,
Japan,,,,,,,,,,,,,,,,,,,,,,,,,,,,,,,0.606285064,0.554018052,0.600975128,0.641326671,0.715482709,0.617466536,0.577819234,0.637827658,0.67059649,0.636234606,0.555692421,0.609345756,0.55297638,0.603444291,0.582323633,0.515221405,0.468944567,0.464104276,0.500678897,0.402222731,0.362627086,0.331018675,0.30102733,0.285399699,0.301739639,0.231863683,0.264344206,0.213544094,0.24949099,0.222759176,0.212135288,
Kazakhstan,,,,,,,,,,,,,,,,,,,,,,,,,,,,,,,,,,,,,,,,,,,,,,,,,18.85775545,17.48416425,13.2772912,13.68135044,12.21740766,10.196339,8.35875689,7.075786611,,7.920437719,,,5.003874162,
Kenya,,,,,,,,,,,,,,,,,,,,,,,,,,,,,,,,,,,,,,,,,,,,,,,,,,,,,,,7.68495506,6.937016047,7.076016182,8.147889165,4.43332649,4.517199082,5.277237027,
Kyrgyz Republic,,,,,,,,,,,,,,,,,,,,,,,,,,,,,,,,,,,,,,,,,14.55001609,12.9516269,13.43469786,13.12492879,13.21302276,15.3036969,14.05990069,12.38762033,12.69295699,10.91963001,,,,,,,,5.583308845,4.969661021,3.497272443,2.974650401,
Cambodia,,,,,,,,,,,,,,,,,,,,,,,,,,,,,,,,,,,,,,,,,,,,,,,,,,,,,,,,,,,,,,
Kiribati,,,,,,,,,,,,,,,,,,,,,,,,,,,,,,,,,,,,,,,,,,,,,,,,,,,,,,,,,,,,,,
St. Kitts and Nevis,,,,,,,,,,,,,,,,,,,,,,,,,,,,,,,,,,,,,,,,,,,,,,,,,,,,,,,,,,,,,,
"Korea, Rep.",,,,,,,,,,,,,,,,,,,,,,,,,,,,,,,,,,,,,,,,,,,,,,,,,,,,0.745371915,0.861183585,0.673900553,0.725587443,0.695043718,0.634205796,0.574306444,0.593092432,0.538023086,0.638981271,
Kuwait,,,,,,,,,,,,,,,,,,,,,,,,,,,,,,,,,,,,,,,,,,,,1.881418872,2.460234537,1.865010537,2.793242073,3.208624783,1.747680278,2.264313983,2.71696403,2.61973413,2.628368757,,,,,,,,,
Latin America & Caribbean (excluding high income),,,,,,,,,,,,,,,,,,,,,,,,,,,,,,,,,,,,,,,,,,,,,,,,,,,,,,,,,,,,,,
Lao PDR,,,,,,,,,,,,,,,,,,,,,,,,,,,,,,,,,,,,,,,,,,,,,,,,,,,,,,,,,,,,,,
Lebanon,,,,,,,,,,,,,,,,,,,,,,,,,,,,,,,,,,,,,,,,,,,,,,,,,,,,,,,,,,,,,,
Liberia,,,,,,,,,,,,,,,,,,,,,,,,,,,,,,,,,,,,,,,,,,,,,,,,,,,,,,,,,,,,,,
Libya,,,,,,,,,,,,,,,,,,,,,,,,,,,,,,,,,,,,,,,,,,,,,,,,,,,,,,,,,,,,,,
St. Lucia,,,,,,,,,,,,,,,,,,,,,,,,,,,,,,,13.27453207,10.17974522,15.80323535,11.3662196,9.833532345,18.04302568,15.06746113,10.80745174,15.98721023,18.41378403,26.71138695,,45.2530433,43.05254503,41.72581694,,,,,38.84622649,44.93568944,44.76077967,37.56472458,32.03294818,38.72172744,26.07384567,31.58310304,50.49541614,36.83858004,51.09918797,51.97850081,
Latin America & Caribbean,,,,,,,,,,,,,,,,,,,,,,,,,,,,,,,,,,,,,,,,,,,,,,,,,,,,,,,,,,,,,,
Least developed countries: UN classification,,,,,,,,,,,,,,,,,,,,,,,,,,,,,,,,,,,,,,,,,,,,,,,,,,,,,,,,,,,,,,
Low income,,,,,,,,,,,,,,,,,,,,,,,,,,,,,,,,,,,,,,,,,,,,,,,,,,,,,,,,,,,,,,
Liechtenstein,,,,,,,,,,,,,,,,,,,,,,,,,,,,,,,,,,,,,,,,,,,,,,,,,,0,,0,0,0,,0,0,0,0,,,
Sri Lanka,,,,,,,,,,,,,,,,,,,,,,,,,,,,,,,,,,,,,,,,,,,,,,,,,16.90267353,9.121485874,6.030621571,5.519909365,5.074164695,4.732508229,4.264440337,3.73102412,3.953235595,3.927855435,4.030656922,4.81755113,,
Lower middle income,,,,,,,,,,,,,,,,,,,,,,,,,,,,,,,,,,,,,,,,,,,,,,,,,,,,,,,,,,,,,,
Low & middle income,,,,,,,,,,,,,,,,,,,,,,,,,,,,,,,,,,,,,,,,,,,,,,,,,,,,,,,,,,,,,,
Lesotho,,,,,,,,,,,,,,,,,,,,,,,,,,,,,,,,,,,,,,,,,,,,,,,,,,,,,,,,,,,,,,
Late-demographic dividend,,,,,,,,,,,,,,,,,,,,,,,,,,,,,,,,,,,,,,,,,,,,,,,,,,,,,,,,,,,,,,
Lithuania,,,,,,,,,,,,,,,,,,,,,,,,,,,,,,,,,,18.21722482,19.89191877,20.44198604,17.00763736,16.39145814,13.1634323,13.14544416,16.35865746,16.24654457,13.88863279,15.10633148,13.53771684,17.50802827,13.90684373,13.59482256,14.62720512,12.8778237,10.01422855,10.2238314,10.63916383,9.971782745,7.752017353,9.110186596,8.033340616,5.635179972,5.794136643,5.640524663,5.714344672,
Luxembourg,,,,,,,,,,,,,,,,,,,,,,,,,,,,,,,,,,,,,0.983327679,,,,,2.305443613,,,0.448818933,,2.174177726,1.703359877,,2.030671259,1.981791302,1.547586346,0,0,0.72011349,,,,,0.964289158,0.31586894,
Latvia,,,,,,,,,,,,,,,,,,,,,,,,,,,,,,,,,,,,,,,,,,,,,,,,,,,,,3.483176784,2.776238389,2.962128721,4.101725302,3.86401323,4.909722478,4.622864462,2.619745133,3.220849016,
"Macao SAR, China",,,,,,,,,,,,,,,,,,,,,,,,,,,,,,,,,,,3.810104397,,,,,,,,,,,,,,0.405994097,0.792848506,0.774224517,0.377993234,1.107489211,0,0,0,0.340095567,0,0.329683734,0.649971076,,
St. Martin (French part),,,,,,,,,,,,,,,,,,,,,,,,,,,,,,,,,,,,,,,,,,,,,,,,,,,,,,,,,,,,,,
Morocco,,,,,,,,,,,,,,,,,,,,,,,,,,,,,,,,,,,,,,,,,,,,,,,,,,2.408524318,,,1.991990371,2.177709232,1.749103097,1.945135644,2.808652695,3.672929484,2.462359202,2.818759875,2.041831672,
Monaco,,,,,,,,,,,,,,,,,,,,,,,,,,,,,,,,,,,,,,,,,,,,,,,,,,,,,,0,,0,,,,,,
Moldova,,,,,,,,,,,,,,,,,,,,,,,,,,,,,,,,9.254808728,17.85368125,13.1344287,14.28250753,14.85963664,13.92831168,15.01495796,13.97601495,14.47937098,15.54675613,14.51018135,13.72335742,10.5978864,9.254433442,9.839396945,9.360892606,7.521712002,7.343605265,8.888739897,8.297344239,6.575593842,8.467866995,8.165277464,7.353038796,7.258722863,7.78301766,5.388348543,6.431711942,4.695930744,3.467993269,
Madagascar,,,,,,,,,,,,,,,,,,,,,,,,,,,,,,,,,,,,,,,,,,,,,,,,,,,,,,,,,,,,,,
Maldives,,,,,,,,,,,,,,,,,,,,,,,,,,,,,,,,,,,,,,,,,,,,,,,,,,,,,,,,1.47401858,4.84533014,9.447084923,,,,
Middle East & North Africa,,,,,,,,,,,,,,,,,,,,,,,,,,,,,,,,,,,,,,,,,,,,,,,,,,,,,,,,,,,,,,
Mexico,,,,,,,,,,,,,,,,,,,,,,,,,,,,,,,31.22162603,32.14663829,34.81909833,33.15961008,32.36280357,31.25087527,28.49536439,26.2041233,25.6910143,22.63154646,19.46471556,18.29121268,17.66908116,17.37230233,15.88339084,16.63327855,17.40431432,14.58000499,23.21075325,32.48600525,41.71011732,42.8497559,40.06251886,34.89016291,29.73472642,30.69595515,35.93280445,46.73860269,53.08581534,52.12857577,51.26880949,
Marshall Islands,,,,,,,,,,,,,,,,,,,,,,,,,,,,,,,,,,,,,,,,,,,,,,,,,,,,,,,,,,,,,,
Middle income,,,,,,,,,,,,,,,,,,,,,,,,,,,,,,,,,,,,,,,,,,,,,,,,,,,,,,,,,,,,,,
North Macedonia,,,,,,,,,,,,,,,,,,,,,,,,,,,,,,,,,,,,,,,3.806868821,2.89753022,3.477009968,,5.003291148,5.16294414,3.573203019,3.368947315,3.588804482,3.003814845,2.516999427,2.22453703,2.705510061,2.509630708,1.735481731,1.444591258,2.40511115,2.210688197,1.248585737,2.591705582,1.535247851,1.918824145,,
Mali,,,,,,,,,,,,,,,,,,,,,,,,,,,,,,,,,,,,,,,,,,,,,,,,,,,,,,,,,,,,,,
Malta,,,,,,,,,,,,,,,,,,,,,,,,,,,,,,,,,,,,,,,,,,,,,1.501403813,0.996561862,0,1.483672188,2.462944993,0.4899367,1.459087195,0,4.285326566,3.292661129,2.325657114,0.921782174,1.373381127,3.645228169,1.362496821,0.905866847,2.709782314,
Myanmar,,,,,,,,,,,,,,,,,,,,,,,,,,,,,,,,,,,,,,,,,,,,,,,,,,3.085753205,2.664097329,3.885292812,4.822260166,4.121317503,4.063672832,3.776843006,3.880097023,,,,0.003813855,
Middle East & North Africa (excluding high income),,,,,,,,,,,,,,,,,,,,,,,,,,,,,,,,,,,,,,,,,,,,,,,,,,,,,,,,,,,,,,
Montenegro,,,,,,,,,,,,,,,,,,,,,,,,,,,,,,,,,,,,,,,,,,,,,,,,2.948818343,6.202238682,4.657803729,2.595051885,5.826977611,4.52613032,2.907324196,5.165722846,4.517455124,8.0620975,3.545459234,3.866079023,5.79698943,4.829937887,
Mongolia,,,,,,,,,,,,,,,,,,,,,,,,,,,,,,,,,,,,,,,,,,,,,,,,17.73353839,12.47184271,12.0577718,12.7505634,15.00298603,10.14982427,10.44633912,10.9336513,10.99809389,9.604557197,9.498653273,9.655466113,10.37780232,9.906881506,
Northern Mariana Islands,,,,,,,,,,,,,,,,,,,,,,,,,,,,,,,,,,,,,,,,,,,,,,,,,,,,,,,,,,,,,,
Mozambique,,,,,,,,,,,,,,,,,,,,,,,,,,,,,,,,,,,,,,,,,,,,,,,,,,,,,,,,,,,,,,
Mauritania,,,,,,,,,,,,,,,,,,,,,,,,,,,,,,,,,,,,,,,,,,,,,,,,,,,,,,,,,,,,,,
Mauritius,,,,,,,,,,,,,,,,,,,,,,,,,,,,,,,2.972629759,4.616322486,4.123324531,2.758298611,2.776211161,3.554613978,4.583134067,3.344050551,4.206942071,2.269745959,2.488544189,,,4.679049543,4.647835188,3.937195675,6.12845673,5.351388522,4.959127274,3.567889642,4.041527503,3.870187462,2.897165124,3.857243421,1.765661417,2.404636138,1.761048176,3.19755451,3.672484627,3.349437215,3.824823102,
Malawi,,,,,,,,,,,,,,,,,,,,,,,,,,,,,,,,,,,,,,,,,,,,,,,,,,,,,,,,,,,,,,
Malaysia,,,,,,,,,,,,,,,,,,,,,,,,,,,,,,,,,,,,,,,,,,,,,,,,,,,,,,,,,,,,,,
North America,,,,,,,,,,,,,,,,,,,,,,,,,,,,,,,,,,,,,,,,,,,,,,,,,,,,,,,,,,,,,,
Namibia,,,,,,,,,,,,,,,,,,,,,,,,,,,,,,,,,,,,,,,,,,,,,,,,,,,,,,,,,,,,,17.29341072,
New Caledonia,,,,,,,,,,,,,,,,,,,,,,,,,,,,,,,,,,,,,,,,,,,,,,,,,,,,,,,,,,,,,,
Niger,,,,,,,,,,,,,,,,,,,,,,,,,,,,,,,,,,,,,,,,,,,,,,,,,,,,,,,,,,,,,,
Nigeria,,,,,,,,,,,,,,,,,,,,,,,,,,,,,,,,,,,,,,,,,,,,,,,,,,,,,,,,,,,,,,
Nicaragua,,,,,,,,,,,,,,,,,,,,,,,,,,,,,,,,,,,,,,,,,,,,,,,,,24.27240947,24.99293506,24.64204553,23.48063656,20.65983944,17.70928847,,14.93228307,13.03453669,11.85256176,19.39327907,14.32121176,,
Netherlands,,,,,,,,,,,,,,,,,,,,,,,,,,,,,,,1.242889524,1.583352577,1.865472018,1.812700654,1.576865905,1.54036802,1.881027233,1.8699107,1.654087693,1.835951136,1.52115547,1.688647863,1.678656744,1.606601763,1.70914194,1.441583524,0.968782635,1.172155447,1.252584215,1.259958213,1.086378694,1.118651114,1.138857953,0.824490375,1.10780068,0.736308201,0.734164313,1.050911341,0.753642685,0.786861989,0.737951622,
Norway,,,,,,,,,,,,,,,,,,,,,,,,,,,,,,,1.690051446,1.650865586,1.56788687,0.975001889,0.813828954,1.210098395,1.052481588,1.186391902,1.163941437,0.940611835,1.178287184,1.000573477,1.361362606,1.172803067,1.052794116,0.741098127,0.517020754,0.553803737,1.009687531,0.705713372,0.573196825,2.381299293,0.715914989,1.019234923,0.618745833,0.38199023,0.604627364,0.561506484,0.593834146,0.441694162,0.583945229,
Nepal,,,,,,,,,,,,,,,,,,,,,,,,,,,,,,,,,,,,,,,,,,,,,,,,,,,,,,,,,,,,,,
Nauru,,,,,,,,,,,,,,,,,,,,,,,,,,,,,,,,,,,,,,,,,,,,,,,,,,,,,,,,,,,,,,
New Zealand,,,,,,,,,,,,,,,,,,,,,,,,,,,,,,,,,,,,1.531421192,1.734761016,1.958778821,1.478474998,1.83476864,1.647322072,1.556370392,1.720796502,1.515079572,1.654031314,1.691240666,1.54372355,1.397580932,1.334405306,1.979529777,0.954261513,1.105695252,0.910815663,1.530804055,1.305589839,1.410337154,1.222165188,0.951599076,,3.65776582,,
OECD members,,,,,,,,,,,,,,,,,,,,,,,,,,,,,,,,,,,,,,,,,,,,,,,,,,,,,,,,,,,,,,
Oman,,,,,,,,,,,,,,,,,,,,,,,,,,,,,,,,,,,,,,,,,,,,,,,,,,,,,,,0.230649736,0.431197731,0.374222213,0.422989822,0.345176658,0.517590779,0.296715654,
Other small states,,,,,,,,,,,,,,,,,,,,,,,,,,,,,,,,,,,,,,,,,,,,,,,,,,,,,,,,,,,,,,
Pakistan,,,,,,,,,,,,,,,,,,,,,,,,,,,,,,,,,,,,,,,,,,,,,,,,,,,,,,,,,,,,,,
Panama,,,,,,,,,,,,,,,,,,,,,,,,,,,,,,,,,,,,,16.00060739,19.79719077,16.38299829,17.78302542,17.68342088,17.93543858,21.23005133,18.6287021,17.07306848,19.59472132,11.83755129,14.85261371,26.13240418,29.01655556,23.43960014,28.09362968,31.84544732,31.84352724,28.90333567,21.17607761,17.58942816,16.47174294,17.4919924,18.81083542,20.97338741,
Peru,,,,,,,,,,,,,,,,,,,,,,,,,,,,,,,,,,,,,,,,,,,,,,,,,,,,9.120453625,11.11617719,11.43249191,11.45578941,11.94050365,12.0541864,11.52866587,11.99754233,,,
Philippines,,,,,,,,,,,,,,,,,,,,,,,,,,,,,,,,,,,,,,,,,,,,,,,,11.13407538,10.09546393,16.12582099,15.68028002,15.49659364,15.0924038,,,,19.59022917,14.3420966,9.62478039,7.973698834,,
Palau,,,,,,,,,,,,,,,,,,,,,,,,,,,,,,,,,,,,,,,,,,,,,,,,,,,,,,,,,,,,,,
Papua New Guinea,,,,,,,,,,,,,,,,,,,,,,,,,,,,,,,,,,,,,,,,,,,,,,,,,,,,,,,,,,,,,,
Poland,,,,,,,,,,,,,,,,,,,,,,,,,,,,,,,2.497992556,3.133307875,3.442700259,3.52697296,3.579662753,3.290174199,3.258109226,,,2.975597852,3.345876212,2.981781203,2.741598741,2.451985396,2.575859678,2.211226386,1.885016279,2.206425137,1.280271959,1.482191456,1.434059703,1.567477213,1.612323544,1.187430608,1.055466765,1.008961312,1.026267841,1.049003292,1.033714096,0.942238134,0.965215014,
Pre-demographic dividend,,,,,,,,,,,,,,,,,,,,,,,,,,,,,,,,,,,,,,,,,,,,,,,,,,,,,,,,,,,,,,
Puerto Rico,,,,,,,,,,,,,,,,,,,,,,,,,,,,,,,31.89555595,42.68333747,47.06546829,50.57512609,53.42540258,45.71701331,45.69117637,38.16443071,33.81347831,30.49585182,37.42444939,41.57320258,43.03314917,43.30011946,44.37438699,43.58687225,42.46902725,41.7317765,46.77206357,52.11448742,56.19095151,64.18312493,54.91582029,51.84094887,39.41220207,35.67028295,41.3298254,42.78005349,40.82124033,40.80559439,35.63213473,
"Korea, Dem. People's Rep.",,,,,,,,,,,,,,,,,,,,,,,,,,,,,,,,,,,,,,,,,,,,,,,,,,,,,,,,,,,,,,
Portugal,,,,,,,,,,,,,,,,,,,,,,,,,,,,,,,,,,,2.125183687,1.525318456,1.624205871,1.748739819,1.899883916,1.532439621,1.613535334,1.601467615,1.629152186,2.294663172,2.068239925,2.010607116,2.214317071,2.616238153,1.726469053,1.811132299,1.62166987,1.484397693,1.611266418,1.849197959,0.889454623,,,,,,,
Paraguay,,,,,,,,,,,,,,,,,,,,,,,,,,,,,,,,,,,,,,,,,,,,,,,,24.18176551,25.0395651,23.99250617,21.01931732,18.46384531,17.62762739,16.66129903,15.15553028,16.45296904,17.80534868,13.8567521,12.27011557,13.96301699,11.3675242,
West Bank and Gaza,,,,,,,,,,,,,,,,,,,,,,,,,,,,,,,,,,,,,,,,,,,,,,,,,,,1.088599352,0.991277583,1.022284406,,,2.045092105,,1.204171916,0.851368494,1.108318325,1.314278359,
Pacific island small states,,,,,,,,,,,,,,,,,,,,,,,,,,,,,,,,,,,,,,,,,,,,,,,,,,,,,,,,,,,,,,
Post-demographic dividend,,,,,,,,,,,,,,,,,,,,,,,,,,,,,,,,,,,,,,,,,,,,,,,,,,,,,,,,,,,,,,
French Polynesia,,,,,,,,,,,,,,,,,,,,,,,,,,,,,,,,,,,,,,,,,,,,,,,,,,,,,,,,,,,,,,
Qatar,,,,,,,,,,,,,,,,,,,,,,,,,,,,,,,,,,,,,,,,,,1.002936095,,,0.809831353,0.342087349,0.558213271,0.679255536,1.02848338,0.478629206,0.281831255,0.256126383,0.356335376,0.447735048,0.373431122,0.256382777,0.347753512,0.53353226,0.476122232,0.515579645,0.461864965,
Romania,,,,,,,,,,,,,,,,,,,,,,,,,,,,,,,5.196212511,5.548318116,5.430309742,4.68771032,4.869222016,4.861348612,4.48587709,4.247630404,3.595143444,3.692859079,3.841270219,4.856371872,3.86902208,4.319816583,3.16384709,2.653618654,2.388768032,2.501819438,1.985462464,1.695985264,1.770620536,1.377072811,1.312513144,1.634327413,2.235982518,2.515499705,2.230781043,1.735200828,1.770108618,1.836852073,1.97778213,
Russian Federation,,,,,,,,,,,,,,,,,,,,,,,,,,,,,,,23.22295119,24.96382653,37.5940531,49.49266498,52.55609159,49.5903211,42.40801588,37.98221034,36.39184831,41.2138413,44.89272059,47.18597459,49.46181662,46.64857101,44.1274046,40.06955022,32.44421767,28.82181929,20.59401252,19.60727614,18.53279644,18.18957254,17.99309205,17.96125707,18.3882508,17.43302632,17.39651296,14.54714338,13.00447828,12.24502958,11.72082341,
Rwanda,,,,,,,,,,,,,,,,,,,,,,,,,,,,,,,,,,,,,,,,,,,,,,,,,,,,,,,,,,,,,,
South Asia,,,,,,,,,,,,,,,,,,,,,,,,,,,,,,,,,,,,,,,,,,,,,,,,,,,,,,,,,,,,,,
Saudi Arabia,,,,,,,,,,,,,,,,,,,,,,,,,,,,,,,,,,,,,,,,,,,,,,,,,,,,,,,,,,1.986812205,,,,
Sudan,,,,,,,,,,,,,,,,,,,,,,,,,,,,,,,,,,,,,,,,,,,,,,,,,,,,,,,,,,,,,,
Senegal,,,,,,,,,,,,,,,,,,,,,,,,,,,,,,,,,,,,,,,,,,,,,,,,,,,,,,,,,,,,,,
Singapore,,,,,,,,,,,,,,,,,,,,,,,,,,,,,,,,,,,,,,,,,,,,,,,0.536964887,0.55540626,0.65018766,0.504494659,0.598099315,0.363405502,0.177907642,0.385290586,0.24204711,0.375877674,0.371770078,0.20083803,0.066366139,0.164569719,0.163278262,
Solomon Islands,,,,,,,,,,,,,,,,,,,,,,,,,,,,,,,,,,,,,,,,,,,,,,,,,,,,,,,,,,,,,,
Sierra Leone,,,,,,,,,,,,,,,,,,,,,,,,,,,,,,,,,,,,,,,,,,,,,,,,,,,,,,,,,,,,,,
El Salvador,,,,,,,,,,,,,,,,,,,,,,,,,,,,,,,,,,,,,,,,,,,,,,120.6171911,120.138559,108.7216306,98.31331857,129.8560243,117.0348395,127.5374171,77.18075549,77.74433086,122.3916689,204.458023,159.1591893,115.8845958,97.69374986,70.35235383,,
San Marino,,,,,,,,,,,,,,,,,,,,,,,,,,,,,,,,,,,,0,0,0,0,0,0,0,0,0,0,0,0,0,0,0,0,0,,,,,,,,,,
Somalia,,,,,,,,,,,,,,,,,,,,,,,,,,,,,,,,,,,,,,,,,,,,,,,,,,,,,,,,,,,,,,
Serbia,,,,,,,,,,,,,,,,,,,,,,,,,,,,,,,,,,,,,,,,,3.61206504,3.623039742,3.141599443,2.38954048,2.494556775,2.266127832,2.344980068,2.602892217,2.298454289,2.623770729,1.997063862,2.184951104,1.665729599,2.172858436,1.879922905,1.677747461,1.889626893,1.502200724,1.854805372,1.419448398,1.542181827,
Sub-Saharan Africa (excluding high income),,,,,,,,,,,,,,,,,,,,,,,,,,,,,,,,,,,,,,,,,,,,,,,,,,,,,,,,,,,,,,
South Sudan,,,,,,,,,,,,,,,,,,,,,,,,,,,,,,,,,,,,,,,,,,,,,,,,,,,,,,,,,,,,,,
Sub-Saharan Africa,,,,,,,,,,,,,,,,,,,,,,,,,,,,,,,,,,,,,,,,,,,,,,,,,,,,,,,,,,,,,,
Small states,,,,,,,,,,,,,,,,,,,,,,,,,,,,,,,,,,,,,,,,,,,,,,,,,,,,,,,,,,,,,,
Sao Tome and Principe,,,,,,,,,,,,,,,,,,,,,,,,,,,,,,,,,,,,,,,,,,,,,,,0,0,0,0,0,0,,,,,,,,,,
Suriname,,,,,,,,,,,,,,,,,,,,,,,,,,,,,,,,,,,,,,,,,,,,,,,,11.79866877,12.66225918,,,,,9.438345821,9.338241896,8.175888239,8.798169981,8.713290905,10.70356981,7.869839695,15.2634471,
Slovak Republic,,,,,,,,,,,,,,,,,,,,,,,,,,,,,,,,,,,,,,,,,3.623641707,3.243001127,2.747988816,3.43633952,2.750057579,2.330488482,2.560032768,2.063242982,2.36834576,1.756264136,1.945575019,2.13389343,1.712306614,1.823515601,1.7445653,1.135841321,1.398560692,2.075648716,1.356683873,2.032739911,1.241311291,
Slovenia,,,,,,,,,,,,,,,,,,,,,,,,,,,,,,,,,,,,,,,,,,,,,2.056855603,1.025121631,0.917376019,1.618442148,0.501409462,0.596732294,0.691370999,0.884194145,0.782856231,0.87818672,0.973551526,0.874422274,0.775855381,0.96838982,0.483641784,0.579887193,0.482984458,
Sweden,,,,,,,,,,,,,,,,,,,,,,,,,,,,,,,,,,,,,,,,1.647583317,1.345022749,1.309952012,1.465800783,1.309519959,1.489091964,1.168406873,1.224789803,1.738720871,1.182002978,1.176275772,1.370778406,1.1866584,0.966249737,1.27042812,1.280560472,1.700521384,1.565370905,1.735364221,1.502638031,1.711239481,1.956928981,
Eswatini,,,,,,,,,,,,,,,,,,,,,,,,,,,,,,,,,,,,,,,,,,,,,,,,,,,,,,,,,,,,,,
Sint Maarten (Dutch part),,,,,,,,,,,,,,,,,,,,,,,,,,,,,,,,,,,,,,,,,,,,,,,,,,,,,,,,,,,,,,
Seychelles,,,,,,,,,,,,,,,,,,,,,,,,,,,,,,,,,,,,,,,,,,,,,18.7962466,,14.28984246,14.35816032,10.4042484,24.0199022,16.38130832,23.04418057,7.426127437,23.75476038,27.88388264,,,,,,,
Syrian Arab Republic,,,,,,,,,,,,,,,,,,,,,,,,,,,,,,,,,,,,,,,,,,,,,,,,,,,,,,,,,,,,,,
Turks and Caicos Islands,,,,,,,,,,,,,,,,,,,,,,,,,,,,,,,,,,,,0,,0,,,,,,,,,,,,,,,,,,,,,,,,
Chad,,,,,,,,,,,,,,,,,,,,,,,,,,,,,,,,,,,,,,,,,,,,,,,,,,,,,,,,,,,,,,
East Asia & Pacific (IDA & IBRD countries),,,,,,,,,,,,,,,,,,,,,,,,,,,,,,,,,,,,,,,,,,,,,,,,,,,,,,,,,,,,,,
Europe & Central Asia (IDA & IBRD countries),,,,,,,,,,,,,,,,,,,,,,,,,,,,,,,,,,,,,,,,,,,,,,,,,,,,,,,,,,,,,,
Togo,,,,,,,,,,,,,,,,,,,,,,,,,,,,,,,,,,,,,,,,,,,,,,,,,,,,,,,,,,,,,,
Thailand,,,,,,,,,,,,,,,,,,,,,,,,,,,,,,,,,,,,12.96515742,12.51023181,13.3411514,14.91952427,13.75520981,13.63661354,,12.15909845,17.23994408,11.78271932,13.00569639,12.69624968,11.81103097,10.5596463,9.793021173,9.707594104,8.654290691,8.579208982,7.548783728,6.71316999,,,,,,,
Tajikistan,,,,,,,,,,,,,,,,,,,,,,,,,,,,,,,,,,,,,,,,,,,,,,,4.42152144,2.783661426,1.70632684,1.958787119,4.160261707,2.805882365,,,,,,,,,1.810335894,
Turkmenistan,,,,,,,,,,,,,,,,,,,,,,,,,,,,,,,,,,,,,,,,,,,,,,,,,,,,,,,,,,,,,,
Latin America & the Caribbean (IDA & IBRD countries),,,,,,,,,,,,,,,,,,,,,,,,,,,,,,,,,,,,,,,,,,,,,,,,,,,,,,,,,,,,,,
Timor-Leste,,,,,,,,,,,,,,,,,,,,,,,,,,,,,,,,,,,,,,,,,,,,,,,,,,,,,,,,,,,,,,
Middle East & North Africa (IDA & IBRD countries),,,,,,,,,,,,,,,,,,,,,,,,,,,,,,,,,,,,,,,,,,,,,,,,,,,,,,,,,,,,,,
Tonga,,,,,,,,,,,,,,,,,,,,,,,,,,,,,,,,,,,,,,,,,2.005535277,9.993004897,9.969692136,11.93697278,3.966443885,7.897022822,15.68873549,1.945260373,5.788935415,9.598771357,1.91828122,3.853638798,0,,,,,,,1.912557855,3.780432481,
South Asia (IDA & IBRD),,,,,,,,,,,,,,,,,,,,,,,,,,,,,,,,,,,,,,,,,,,,,,,,,,,,,,,,,,,,,,
Sub-Saharan Africa (IDA & IBRD countries),,,,,,,,,,,,,,,,,,,,,,,,,,,,,,,,,,,,,,,,,,,,,,,,,,,,,,,,,,,,,,
Trinidad and Tobago,,,,,,,,,,,,,,,,,,,,,,,,,,,,,,,,,,,,,,,,,,,,,36.53595435,53.94531469,52.17323993,55.65911337,75.22837184,71.36678862,63.87027058,48.67349607,50.32705071,54.93578634,53.41587075,57.69369811,,,,,,
Tunisia,,,,,,,,,,,,,,,,,,,,,,,,,,,,,,,,,,,,,,,,,,,,,,,,,,,,,,,,,,,,8.071776722,7.627007592,
Turkiye,,,,,,,,,,,,,,,,,,,,,,,,,,,,,,,,,,,,,,,,,,,,6.912068817,6.998508916,8.070419055,7.73587501,8.71729579,7.758109816,,6.832704959,6.734468998,7.110052055,,,4.703744072,5.741027806,5.285379078,4.323852302,3.791254269,4.126224523,
Tuvalu,,,,,,,,,,,,,,,,,,,,,,,,,,,,,,,,,,,,,,,,,,,,,,,,,,,,,,,,,,,,,,
Tanzania,,,,,,,,,,,,,,,,,,,,,,,,,,,,,,,,,,,,,,,,,,,,,,,,,,,15.09078158,15.76392798,15.21040427,13.23942477,,11.96677882,,,,,,
Uganda,,,,,,,,,,,,,,,,,,,,,,,,,,,,,,,,,,,,,,,,,,,,,,,,,16.10087385,,16.08563691,18.32529456,19.60947133,17.50301707,20.04187737,,18.3246479,19.2659367,,,,
Ukraine,,,,,,,,,,,,,,,,,,,,,,,,,,,,,,,7.436023847,7.846612864,10.31222455,11.26561996,12.99460046,13.76195644,15.08220834,13.01399179,12.94939359,13.07525341,13.67704495,14.95848803,13.36113869,12.5519712,10.84344644,9.522510525,9.490239281,,8.094005007,7.229857667,6.551153222,,,,,,,11.11767005,,,,
Upper middle income,,,,,,,,,,,,,,,,,,,,,,,,,,,,,,,,,,,,,,,,,,,,,,,,,,,,,,,,,,,,,,
Uruguay,,,,,,,,,,,,,,,,,,,,,,,,,,,,,,,,,,,,,,,,,,,,,,,9.916087449,10.08688419,10.99475854,11.21240823,10.13042302,9.73139502,14.06071651,12.60724574,13.23448333,14.7660044,13.43823226,13.74669898,21.79834549,20.63534122,17.87484747,
United States,,,,,,,,,,,,,,,,,,,,,,,,,,,,,,,14.79703419,15.44336045,14.7052953,14.8868675,14.22058277,12.7202698,11.48211735,10.51786361,9.476262518,8.55661862,8.558947884,10.39103347,8.8038783,8.978815726,8.733506405,9.054579929,9.291503057,9.063954074,8.59647272,7.847562244,7.477184954,7.405614456,7.445721544,7.12852458,6.967907278,7.906955755,8.570886927,8.455473878,7.834284225,8.034272716,10.51399513,
Uzbekistan,,,,,,,,,,,,,,,,,,,,,,,,,,,,,,,,,,,,,,,,,,,,,,,,,,,,,,,,3.310219563,3.184971123,2.422966154,1.840243747,1.568377998,,
St. Vincent and the Grenadines,,,,,,,,,,,,,,,,,,,,,,,,,,,,,,,,,,,,,,,,,,,,,41.60026708,34.62603878,25.2032361,56.58623338,23.63034864,35.51123463,39.9259555,,,,,,64.62151537,60.88716176,48.23409615,33.86990392,,
"Venezuela, RB",,,,,,,,,,,,,,,,,,,,,,,,,,,,,,,23.12754916,,29.32018616,37.66854584,40.7673277,,40.92121553,33.7326378,35.69600935,46.58551472,61.7968097,60.47972393,69.71071763,83.19858906,70.05374747,71.10568168,86.27053322,91.64961178,100.3466864,94.49030077,86.61786777,92.27766104,103.3931096,,,97.67799752,109.9204785,93.87731879,,,,
British Virgin Islands,,,,,,,,,,,,,,,,,,,,,,,,,,,,,,,0,,0,0,0,,,,,0,,,,,,,,,,,,,,,,,,,,,,
Virgin Islands (U.S.),,,,,,,,,,,,,,,,,,,,,,,,,,,,,,,,,,,,,,45.84789959,43.86132194,43.82705463,38.09451249,49.53135716,68.63287133,53.45755852,68.88633754,65.27665784,75.20391832,77.5374118,85.7733245,94.08075265,96.51939252,83.06962025,99.2417927,,,,,,,,,
Vietnam,,,,,,,,,,,,,,,,,,,,,,,,,,,,,,,,,,,,,,,,,,,,,,,,,,,,,,,,,,,,,,
Vanuatu,,,,,,,,,,,,,,,,,,,,,,,,,,,,,,,,,,,,,,,,,,,,,,,,,,,,,,,,,,,,0.657730304,0,
World,,,,,,,,,,,,,,,,,,,,,,,,,,,,,,,10.89543506,11.18933995,11.51479097,11.84138814,11.82427629,11.59945735,11.23830824,11.01438519,10.94720325,10.76596007,11.01105498,11.14995152,11.12332651,10.84311643,10.41533366,10.1140954,9.968702892,9.66226995,9.716300732,9.671295333,9.674480651,9.775323081,9.855921162,9.754750957,9.791319396,9.623085264,9.672854834,9.637403925,9.397937647,9.02414373,9.13447039,
Samoa,,,,,,,,,,,,,,,,,,,,,,,,,,,,,,,,,,,,,,,,,,,,,,,,,,,,,,,,,,,,,,
Kosovo,,,,,,,,,,,,,,,,,,,,,,,,,,,,,,,,,,,,,,,,,,,,,,,,,9.92264605,6.989182397,9.61711192,5.876127437,8.689858176,4.027763879,4.686824376,3.526584691,3.279959684,3.832341596,3.838072116,,,
"Yemen, Rep.",,,,,,,,,,,,,,,,,,,,,,,,,,,,,,,,,,,,,,,,,,,,,,,,,,,,,,,,,,,,,,
South Africa,,,,,,,,,,,,,,,,,,,,,,,,,,,,,,,,,,,,,,,,,,,,,,,68.50222516,64.89824351,63.28587345,56.91044693,52.04340415,51.26049585,,,,,59.04661618,61.96340536,64.09875553,,,
Zambia,,,,,,,,,,,,,,,,,,,,,,,,,,,,,,,,,,,,,,,,,,,,,,,,,,,,,,,,,,,,,,
Zimbabwe,,,,,,,,,,,,,,,,,,,,,,,,,,,,,,,7.782786288,,,,,,,,,,,,,,,,,,,,,,,,,,,,,,,